seqeunce,PDB,cyclisation
GLPVCGETCVGGTCNTPGCTCSWPVCTRN,1BZH,knot2
GIPCAESCVYIPCTVTALLGCSCSNRVCYN,1D7T,knot2
GLPVCGETCFGGTCNTPGCSCTWPICTRD,1DFY,knot2
GDPTFCGETCRVIPVCTYSAALGCTCDDRSDGLCKRN,1DFZ,knot2
GIPCAESCVWIPCTVTALLGCSCSNKVCYN,1DG0,knot2
GGTIFDCGESCFLGTCYTKGCSCGEWKLCYGTN,1FOZ,knot2
GIPCGESCVWIPCISAALGCSCKNKVCYRN,1IM7,knot2
GIPCGESCVWIPCISSAIGCSCKSKVCYRN,1QFB,knot2
GLPTCGETCFGGTCNTPGCSCSSWPICTRN,1SLE,knot2
GLPTCGETCFGGTCNTPGCTCDPWPICTRD,2CK0,knot2
GLPVCGETCTLGTCYTQGCTCSWPICKRN,2F58,knot2
GTLPCGESCVWIPCISSVVGCSCKSKVCYKN,2KDQ,knot2
GTLPCGESCVWIPCISAVVGCSCKSKVCYKN,3F58,knot2
GLPVCGETCVGGTCNTPGCTCSWPVCTRD,3OE0,knot2
GAPICGESCFTGKCYTVQCSCSWPVCTRN,3WMG,knot2
SIPCGESCVFIPCTVTALLGCSCKSKVCYKN,4IB5,knot2
GIPCGESCVYIPCLTSAIGCSCKSKVCYRN,4M1D,knot2
GIPCGESCVWIPCLTSAVGCSCKSKVCYRN,4N7Y,knot2
GSIPCAESCVYIPCFTGIAGCSCKNKVCYYN,4N84,knot2
GIPCGESCVWIPCITSAIGCSCKSKVCYRN,4Q2K,knot2
GLPVCGETCVGGTCNTPGCSCSWPVCTRN,4ZJX,knot2
GLPICGETCVGGTCNTPGCSCSWPVCTRN,5J0M,knot2
GLPVCGETCTLGKCYTAGCSCSWPVCYRN,5J1O,knot2
GSIPCAESCVYIPCITGIAGCSCKNKVCYYN,5J31,knot2
GIPCAESCVYIPCTITALLGCSCKNKVCYN,5JM4,knot2
GVIPCGESCVFIPCISTLLGCSCKNKVCYRN,5LSO,knot2
GIPCGESCVFIPCITSVAGCSCKSKVCYRN,5N99,knot2
KIPCGESCVWIPCVTSIFNCKCENKVCYHD,5VAV,knot2
KIPCGESCVWIPCLTSVFNCKCENKVCYHD,5VFW,knot2
AIPCGESCVWIPCISAAIGCSCKNKVCYR,5W5S,knot2
GIPCGESCVWIPCISSAIGCSCKNKVCYRN,5W5U,knot2
GIPCGESCVWIPCLTSAIGCSCKSKVCYRN,5W6I,knot2
GTPCGESCVWIPCISSAVGCSCKNKVCYKN,5W6R,knot2
GTLPCGESCVWIPCISAAVGCSCKSKVCYKN,5W6T,knot2
SIPCGESCVWIPCTITALAGCKCKSKVCYN,5W6U,knot2
GIPCGESCVYIPCLTSAVGCSCKSKVCYRN,5XN3,knot2
GTPCGESCVYIPCISGVIGCSCTDKVCYLN,6B67,knot2
GLPVCGETCFGGTCNTPGCSCDPWPMCSRN,6DN5,knot2
GVPICGETCVGGTCNTPGCSCSWPVCTRN,6DN6,knot2
GLPICGETCVGGSCNTPGCSCSWPVCTRN,6DN7,knot2
GVPICGETCTLGTCYTAGCSCSWPVCTRN,6DN8,knot2
GVPVCGETCFGGTCNTPGCSCDPWPVCSRN,6HLB,knot2
GLPVCGETCFGGTCNTPGCSCETWPVCSRN,6HLD,knot2
GVIPCGESCVFIPCISAAIGCSCKNKVCYRN,6HZA,knot2
GTACGESCYVLPCFTVGCTCTSSQCFKN,6JWM,knot2
GIPCGESCVFIPCLTTVAGCSCKNKVCYRN,6JWN,knot2
GFPCGESCVFIPCISAAIGCSCKNKVCYRN,6M5E,knot2
GLPVCGETCVGGTCNTPGCSCSRPVCTXN,6NDY,knot2
SISCGESCAMISFCFTEVIGCSCKNKVCYLN,6NNV,knot2
GIPCGESCHYIPCVTSAIGCSCRNRSCMRN,6OO2,knot2
GIPCGDSCHYIPCVTSTIGCSCTNGSCMRN,6RK9,knot2
GLPVCGETCFTGTCYTNGCTCDPWPVCTRN,6U4A,knot2
GLPVCGETCFGGTCNTPGCICDPWPVCTRN,6U61,knot2
SAIACGESCVYIPCFIPGCSCRNRVCYLN,6U6K,knot2
SISCGESCVYIPCTVTALVGCTCKDKVCYLN,6U6L,knot2
GSPIQCAETCFIGKCYTEELGCTCTAFLCMKN,6U71,knot2
GSPRQCAETCFIGKCYTEELGCTCTAFLCMKN,6U72,knot2
GSVPCGESCVYIPCFTGIAGCSCKSKVCYYN,6U74,knot2
GEIPCGESCVYLPCFLPNCYCRNHVCYLN,6U8G,knot2
SISCGETCTTFNCWIPNCKCNHHDKVCYWN,6U8H,knot2
GIPCGESCVFIPCISGVIGCSCKSKVCYRN,6U8I,knot2
GIACGESCAYFGCWIPGCSCRNKVCYFN,6U8M,knot2
GTPCGESCVYIPCFTAVVGCTCKDKVCYLN,6ULP,knot2
GTPCAESCVYLPCFTGVIGCTCKDKVCYLN,6ULQ,knot2
GNIPCGESCIFFPCFNPGCSCKDNLCYYN,6ULT,knot2
GGTIFDCGESCFLGTCYTKGCSCGEWKLCYGEN,6ULV,knot2
GSVLNCGETCLLGTCYTTGCTCNKYRVCTKD,6UXS,knot2
GIPCAESCVWIPCTVTALLGCSCSNNVCYN,6WGN,knot2
GIPCGESCVWIPCISAAIGCSCKSKVCYRN,6XIB,knot2
SAISCGETCFKFKCYTPRCSCSYPVCK,6XIC,knot2
GSIPACGESCFKGKCYTPGCSCSKYPLCAKN,6XID,knot2
GLVPCGETCFTGKCYTPGCSCSYPICKKN,6XIE,knot2
GLPCGETCFTGKCYTPGCSCSYPICKKIN,6XIF,knot2
GIPCGESCVWIPCISAAIGCSCKNKVCYRN,6XS5,knot2
GIPCGESCVYIPCTVTALAGCKCKSKVCYN,6XS7,knot2
GTLPCGESCVWIPCISSVVGCSCKSKVCYKD,6XS8,knot2
GIPCGESCVWIPCLTSAIGCSCKSKVCYRD,6XS9,knot2
GLPVCGETCVTGSCYTPGCTCSWPVCTRN,6XSA,knot2
GLPICGETCVGGTCNTPGCTCSWPVCTRN,6Y8K,knot2
GLPTCGETCFGGTCNTPGCTCDSSWPICTHN,6YW1,knot2
GLPTCGETCFGGTCNTPGCTCDPWPVCTHN,6YW2,knot2
DIFCGETCAFIPCITHVPGTCSCKSKVCYFN,6YW3,knot2
GSVFNCGETCVLGTCYTPGCTCNTYRVCTKD,6YW4,knot2
GSVFNCGETCVLGTCYTPGCTCNTYRVCTKD,7AR4,knot2
GLPTCGETCFGGTCNTPGCSCSSWPICTRD,7BPH,knot2
GLPTCGETCFGGTCNTPGCSCSSWPICTRD,7E5E,knot2
GLPVCGETCFGGTCNTPGCSCTDPICTRD,7EZW,knot2
GSLCGDTCFVLGCNDSSCSCNYPICVKD,7JRH,knot2
GLPVCGETCFGGTCNTPGCACDPWPVCTRD,7K2E,knot2
GLPVCGESCFGGTCNTPGCACDPWPVCTRD,7K2F,knot2
GLPVCGESCFGGSCYTPGCSCTWPICTRD,7K2G,knot2
GIPCAESCVYIPCTITALLGCKCQDKVCYD,7K2H,knot2
GIPCAESCVYIPCTITALLGCKCKDQVCYN,7K2I,knot2
GVPCAESCVYIPCISTVLGCSCSNQVCYRN,7K2J,knot2
GFIPCGETCIWDKTCHAAGCSCSVANICVRN,7K2K,knot2
GADGFCGESCVYIPCISYLVGCSCDTIEKVCKRN,7K2L,knot2
GGTIFDCGETCFLGTCYTPGCSCGNYGFCYGTN,7K2M,knot2
GGTIFDCGESCFLGTCYTAGCSCGNWGLCYGTN,7K2N,knot2
GGTIFDCGETCFLGTCYTAGCSCGNWGLCYGTN,7K2O,knot2
GVPCGESCVFIPCITGVIGCSCSSNVCYLN,7K2P,knot2
GIPCAESCVWIPCTVTALVGCSCSDKVCYN,7K2Q,knot2
GLPVCGETCFGGTCNTPGCSCSYPICTRN,7K2R,knot2
GLPVCGETCFGGTCNTPGCTCSYPICTRN,7K2S,knot2
GLPVCGETCAFGSCYTPGCSCSWPVCTRN,7KEV,knot2
GLPVCGETCFGGRCNTPGCTCSYPICTRN,7KFA,knot2
GIPCAESCVWIPCTVTALIGCGCSNKVCYN,7L4Z,knot2
GTIPCGESCVFIPCLTSALGCSCKSKVCYKN,7LIB,knot2
GTFPCGESCVFIPCLTSAIGCSCKSKVCYKN,7MSO,knot2
GLLPCAESCVYIPCLTTVIGCSCKSKVCYKN,7RNW,knot2
GIPCGESCVWIPCLTSTVGCSCKSKVCYRN,7ROV,knot2
GTFPCGESCVWIPCISKVIGCACKSKVCYKN,7S5H,knot2
GIPCGESCVWIPCLTSAVGCPCKSKVCYRN,7UBC,knot2
GIPCGESCVYLPCFTAPLGCSCSSKVCYRN,7UBD,knot2
GIPCGESCVWIPCLTATIGCSCKSKVCYRN,7UBE,knot2
GIPCAESCVYLPCVTIVIGCSCKDKVCYN,7UBF,knot2
GIPCAESCVWIPCTVTALLGCSCKDKVCYN,7UBG,knot2
GRLCGERCVIERTRAWCRTVGCICSLHTLECVRN,7UBH,knot2
GLPVCGETCVGGTCNTPGCGCSWPVCTRN,7UBI,knot2
GLPVCGETCVGGTCNTPGCACSWPVCTRN,7UZL,knot2
GSIPCGESCVYIPCISSLLGCSCKSKVCYKN,7YUZ,knot2
GIPCAESCVYIPCLTSAIGCSCKSKVCYRN,7YV1,knot2
GIPCGESCVYLPCFTTIIGCKCQGKVCYH,7Z4S,knot2
GSIPCGESCVFIPCISSVVGCSCKNKVCYKN,8CTO,knot2
GTIPCGESCVFIPCLTSAIGCSCKSKVCYKN,8CUN,knot2
GSIPCGESCVYIPCISSLLGCSCESKVCYKN,8CWA,knot2
GSIPCGESCVFIPCISSIVGCSCKSKVCYKN,8DNQ,knot2
GIPCGESCVFIPCLTSAIGCSCKSKVCYRN,8EHV,knot2
GVPCGESCVWIPCLTSIVGCSCKNNVCTLNS,8F1F,knot2
GVIPCGESCVFIPCISSVLGCSCKNKVCYRN,8F4B,knot2
GHPTCGETCLLGTCYTPGCTCKRPVCYKN,8JJS,knot2
GSAILCGESCTLGECYTPGCTCSWPICTKN,8PKU,knot2
GHPICGETCVGNKCYTPGCTCTWPVCYRN,8PKV,knot2
GSIPCGEGCVFIPCISSIVGCSCKSKVCYKN,8PKW,knot2
GIPCGEGCVYLPCFTAPLGCSCSSKVCYRN,8PKX,knot2
GIPCGESCVWIPCLTAAIGCSCSSKVCYRN,8Q1N,knot2
GVPCGESCVWIPCLTSAIGCSCKSSVCYRN,8R8U,knot2
GIPCGESCVLIPCISSVIGCSCKSKVCYRN,8R8V,knot2
GVIPCGESCVFIPCISSVIGCSCKSKVCYRN,8VX7,knot2
GAGCIETCYTFPCISEMINCSCKNSRCQKN,8WW0,knot2
GIPCGESCVWIPCISSAIGCSCKNKVCYRK,8WW1,knot2
GIPCGESCVWIPCISGAIGCSCKSKVCYRN,9BT3,knot2
TIPCAESCVWIPCTVTALLGCSCKDKVCYN,9BT6,knot2
GLPICGETCTLGTCYTVGCTCSWPICTRN,9BT7,knot2
GVIPCGESCVFIPCISTVIGCSCKNKVCYRN,1BZH,knot2
GVPCAESCVWIPCTVTALLGCSCKDKVCYLN,1D7T,knot2
GIPCGESCHIPCVTSAIGCSCRNRSCMRN,1DFY,knot2
GSQSCGESCVLIPCISGVIGCSCSSMICYFN,1DFZ,knot2
GIPCGESCVFIPCLTAAIGCSCRSKVCYRN,1DG0,knot2
GLPVCGETCVGGTCNTPGCSCSIPVCTRN,1FOZ,knot2
GLPVCGETCVGGTCNTPGCSCSWPVCFRD,1IM7,knot2
GAPVCGETCFGGTCNTPGCTCDPWPVCTND,1QFB,knot2
GLPVCGETCVGGTCNTPYCTCSWPVCTRD,1SLE,knot2
GLPVCGETCVGGTCNTEYCTCSWPVCTRD,2CK0,knot2
GLPVCGETCVGGTCNTPYCFCSWPVCTRD,2F58,knot2
GIPCGESCVWIPCISGAIGCSCKSKVCYKN,2KDQ,knot2
GIPCGESCVWIPCISSAIGCSCKNKVCFKN,3F58,knot2
GSIPACGESCFRGKCYTPGCSCSKYPLCAKD,3OE0,knot2
GSIPACGESCFKGWCYTPGCSCSKYPLCAKD,3WMG,knot2
GSFPCGESCVFIPCISAIAGCSCKNKVCYKN,4IB5,knot2
GIPCGESCVFIPCITAAIGCSCKTKVCYRN,4M1D,knot2
GVIPCGESCVFIPCISAVLGCSCKSKVCYRN,4N7Y,knot2
GIPCGETCVFMPCISGPMGCSCKHMVCYRN,4N84,knot2
GSAFGCGETCVKGKCNTPGCVCSWPVCKKN,4Q2K,knot2
APCGESCVYIPCLLTAPIGCSCSNIVCYRN,4ZJX,knot2
GVPCGESCVWVPCTVTALMGCSCVREVCRKD,5J0M,knot2
GIPCAESCVWIPCTVTKMLGCSCKDKVCYN,5J1O,knot2
GGSIPCIETCVWTGCFLVPGCSCKSDKKCYLN,5J31,knot2
GGSVPCIETCVWTGCFLVPGCSCKSDKKCYLN,5JM4,knot2
GDIPLCGETCFEGGNCRIPGCTCVWPFCSKN,5LSO,knot2
GLPTCGETCFGGTCNTPGCTCDPFPVCTHD,5N99,knot2
GIPVCGETCVGGTCNTPGCSCSWPVCTRN,5VAV,knot2
GIACGESCVFLGCFIPGCSCKSKVCYFN,5VFW,knot2
GIPCGETCVAFGCWIPGCSCKDKLCYYD,5W5S,knot2
KLCGETCFKFKCYTPGCSCSYPFCK,5W5U,knot2
GIPCGESCVFIPCTVTALLGCSCQNKVCYRD,5W6I,knot2
GVIPCGESCVFIPCISSVLGCSCKNKVCYRD,5W6R,knot2
GVIPCGESCVFIPCITAAVGCSCKNKVCYRD,5W6T,knot2
GLPVCGETCAGGTCNTPGCSCSWPICTRN,5W6U,knot2
GLPVCGETCAGGTCNTPGCSCTWPICTRN,5XN3,knot2
GLPVCGETCAGGRCNTPGCSCSWPVCTRN,6B67,knot2
GLPVCGETCFGGTCNTPGCTCDPWPVCTRN,6DN5,knot2
GLPVCGETCFGGTCNTPGCSCDPWPVCTRN,6DN6,knot2
GFPCGESCVYVPCLTAAIGCSCSNKVCYKN,6DN7,knot2
GLPICGETCFGGTCNTPGCICDPWPVCTRD,6DN8,knot2
GSHCGETCFFFGCYKPGCSCDELRQCYKN,6HLB,knot2
GVPCGESCVFIPCLTAVVGCSCSNKVCYLN,6HLD,knot2
GLPVCGETCFGGTCNTPGCACDPWPVCTRN,6HZA,knot2
GVPCAESCVWIPCTVTALLGCSCKDKVCYLD,6JWM,knot2
GIPCAESCVWIPCTVTALLGCSCKDKVCYLN,6JWN,knot2
GIPCAESCVWIPCTVTALLGCSCKDKVCYLD,6M5E,knot2
GIPCGESCVFIPCISSVVGCSCKSKVCYLD,6NDY,knot2
GLPCGESCVFIPCITTVVGCSCKNKVCYNN,6NNV,knot2
GLPCGESCVFIPCITTVVGCSCKNKVCYND,6OO2,knot2
GTVPCGESCVFIPCITGIAGCSCKNKVCYIN,6RK9,knot2
GTVPCGESCVFIPCITGIAGCSCKNKVCYID,6U4A,knot2
HEPCGESCVFIPCITTVVGCSCKNKVCYN,6U61,knot2
HEPCGESCVFIPCITTVVGCSCKNKVCYD,6U6K,knot2
GLPTCGETCTLGTCYVPDCSCSWPICMKN,6U6L,knot2
GSAFCGETCVLGTCYTPDCSCTALVCLKN,6U71,knot2
GIPCGESCVFIPCITGIAGCSCKSKVCYRN,6U72,knot2
GIPCGESCVFIPCITAAIGCSCKSKVCYRN,6U74,knot2
GIPCGESCVFIPCISTVIGCSCKNKVCYRN,6U8G,knot2
GIPCGESCVFIPCTVTALLGCSCKDKVCYKN,6U8H,knot2
GYPICGESCVGGTCNTPGCSCSWPVCTTN,6U8I,knot2
GLPICGETCVGGTCNTPGCFCTWPVCTRN,6U8M,knot2
GLPVCGETCFTGSCYTPGCSCNWPVCNRN,6ULP,knot2
GLPVCGETCVGGTCNTPGCSCSWPVCFRN,6ULQ,knot2
GTLPCGESCVWIPCISSVVGCACKSKVCYKD,6ULT,knot2
GTRCGETCFVLPCWSAKFGCYCQKGFCYRN,6ULV,knot2
GGSVPCGESCVFIPCITSLAGCSCKNKVCYYD,6UXS,knot2
IQCGESCVWIPCISSAWGCSCKNKICSS,6WGN,knot2
GSIPCGESCVFIPCISSVIGCACKSKVCYKN,6XIB,knot2
GLPVCGETCTIGTCYTAGCTCSWPICTRN,6XIC,knot2
GVPCGESCVYIPCITSVIGCSCSSKVCYIN,6XID,knot1
GIPCGESCVFIPCISSVIGCSCSSKVCYRN,6XIE,knot1
GSIPCGESCVFIPCISAVIGCSCSNKVCYKN,6XIF,knot1
GSIPCGESCVFIPCISAIIGCSCSSKVCYKN,6XS5,knot1
GSIPCGESCVFIPCISAIIGCSCSNKVCYKN,6XS7,knot1
GIPCAESCVWIPCTVTAIVGCSCSWGVCYN,6XS8,knot1
GIPCGESCVFIPCISSVVGCSCKSKVCYNN,6XS9,knot1
GIPCGESCVFIPCLTTVVGCSCKNKVCYNN,6XSA,knot1
GEFLKCGESCVQGECYTPGCSCDWPICKKN,6Y8K,knot1
GIPCGESCVFIPCITGAIGCSCKSKVCYRD,6YW1,knot1
QLPICGETCVLGTCYTPGCRCQYPICVR,6YW2,knot1
QLPICGETCVLGRCYTPNCRCQYPICVR,6YW3,knot1
QAFCGETCLLGTCYTPGCRCTAGICLK,6YW4,knot1
QLPICGETCVLGTCYTPGCSCAYPICVR,7AR4,knot1
QAFCGETCLLGKCYTPGCSCHTGICLK,7BPH,knot1
QLPICGETCVLGTCYTPGCSCAYPICAR,7E5E,knot1
QAFCGETCVLGTCYTPGCSCNFGICLK,7EZW,knot1
QDCGETCVLGTCYTPGCSCSAYPLCV,7JRH,knot1
GLPLCGETCAGGTCNTPGCSCSWPVCVRN,7K2E,knot1
GSSPLCGETCAGGTCNTPGCSCSWPVCVRD,7K2F,knot1
GLPLCGETCVGGTCNTPGCSCSWPVCTRN,7K2G,knot1
GLPLCGETCVGGTCNTPACSCSWPVCTRN,7K2H,knot1
GLPLCGETCVGGTCNTPGCSCGWPVCVRN,7K2I,knot1
GIPCGESCVWIPCISSAIGCSCKGSKVCYRN,7K2J,knot1
GTLPCGESCVWIPCISSVVGCSCKNKVCYKN,7K2K,knot1
GIPCGESCVWIPCITSAVGCSCKSKVCYRN,7K2L,knot1
GIPCGESCVWIPCISSALGCSCKSKVCYRN,7K2M,knot1
GTIPCGESCVWIPCISSVVGCSCKSKVCYKD,7K2N,knot1
GVIPCGESCVFIPCISTVIGCSCKDKVCYRN,7K2O,knot1
GIPCGESCVFIRCTITALLGCSCSNNVCYKN,7K2P,knot1
LICSSTCLRIPCLSPRCTCRHHICYLN,7K2Q,knot1
GAICTGTCFRNPCLSRRCTCRHYICYLN,7K2R,knot1
GLPVCGETCVGGTCNTPGCTCSWPICTRN,7K2S,knot1
GLPICGETCTLGTCNTPGCTCSWPICTKN,7KEV,knot1
GLPICGETCFTGTCNTPGCTCSYPVCTRN,7KFA,knot1
GSVICGETCFTTVCNTPGCYCGAYXCTRN,7L4Z,knot1
GIPCGESCVFIPCTVTALLGCSCKNKVCYRN,7LIB,knot1
GVIPCGESCVFIPCITAAIGCSCKKKVCYRN,7MSO,knot1
GIPCGESCVFIPCISALLGCSCSNKVCYNN,7RNW,knot1
GVPCAESCVYIPCTITALFGCSCKDKVCYNN,7ROV,knot1
GIPCAESCVYIPCTITALLGCSCKDKVCYKN,7S5H,knot1
GFPCAESCVYIPCTVTALLGCSCRNRVCYRN,7UBC,knot1
IPCGESCVYIPCISAVLGCSCQNKVCYR,7UBD,knot1
GIPCAESCVYIPCTITALFGCSCKDKVCYNN,7UBE,knot1
AIPCGESCVWIPCISTVIGCSCSNKVCYR,7UBF,knot1
IPCGESCVWIPCITAIAGCSCKNKVCYT,7UBG,knot1
GASCGETCFTGICFTAGCSCNPWPTCTRN,7UBH,knot1
GIPCAESCVWIPCTITALMGCSCKNNVCYNN,7UBI,knot1
GDACGETCFTGICFTAGCSCNPWPTCTRN,7UZL,knot1
GIPCGESCVWIPCISSALGCSCKNKVCYRN,7YUZ,knot1
GVIPCGESCVFIPCISSVVGCSCKNKVCYRN,7YV1,knot1
GVIPCGESCVFIPCISSVIGCSCKNKVCYRN,7Z4S,knot1
GIPCGESCVFIPCVTTVIGCSCKDKVCYNN,8CTO,knot1
GEYCGESCYLIPCFTPGCYCVSRQCVNKN,8CUN,knot1
IPCGESCVWIPCISGMFGCSCKDKVCYS,8CWA,knot1
EYCGESCYLIPCFTPGCYCVSRQCVNKN,8DNQ,knot1
GIGCGESCVWIPCVSAAIGCSCSNKICYRN,8EHV,knot1
GIPCGESCMWIPCISAAIGCSCTNHVCYKN,8F1F,knot1
GIPCGESCVWIPCISGVQGCSCSNKICYRN,8F4B,knot1
GIPCGGSCVWIPCISGVQGCSCSNKICYRN,8JJS,knot1
GIPCGESCAWIPCISAVQGCSCRNKICYRN,8PKU,knot1
GLPCGESCIWIECISGAIGCSCRNKVCYRN,8PKV,knot1
GIPCGESCIWIPCTTTALLGCSCSNKVCYKN,8PKW,knot1
SYTCGESCLWIPCTVTAAFGCYCSNKVCVKD,8PKX,knot1
STDCGEPCVYIPCTITALLGCSCLNKVCVRP,8Q1N,knot1
QSISCAETCVWIPCATSLIGCSCVNSICTYTN,8R8U,knot1
GVPCGESCVWMYCISAAMGCSCRNKVCYRN,8R8V,knot1
GIPCGESCVWMYCITATMGCSCRNKVCYKN,8VX7,knot1
GLPVCGETCVGGTCNTPGCSCSWPVCIRN,8WW0,knot1
GLIPCGESCVWIPCISSVIGCSCKSKVCYKN,8WW1,knot1
GSIPCGESCVWIPCISGIAGCSCSNKVCYLN,9BT3,knot1
GSWPCGESCVYIPCITSIAGCECSKNVCYKN,9BT6,knot1
GTPCGESCIYVPCISAVFGCWCQSKVCYKD,9BT7,knot1
PTPCGETCIWISCVTAAIGCYCHESICYR,1BZH,knot1
GTIFDCGETCLLGKCYTPGCSCGSWALCYGQN,1D7T,knot1
GSSCGETCEVFSCFITRCACIDGLCYRN,1DFY,knot1
GSDDQVACGESCAMTPCFMHVVGCVCSQKVCYR,1DFZ,knot1
GVPICGETCFQGTCNTPGCTCKWPICERN,1DG0,knot1
GDLVPCGESCVYIPCLTTVLGCSCSENVCYRN,1FOZ,knot1
GGPLDCQETCTLSDRCYTKGCTCNWPICYKN,1IM7,knot1
GAPVCGETCFTGLCYSSGCSCIYPVCNRN,1QFB,knot1
GVAVCGETCTLGTCYTPGCSCDWPICKRN,1SLE,knot1
GLPTCGETCTLGTCYTPGCTCSWPLCTKN,2CK0,knot1
GEPVCGDSCVFFGCDDEGCTCGPWSLCYRN,2F58,knot1
GAFTPCGETCLTGECHTEGCSCVGQTFCVKK,2KDQ,knot1
GVPSSDCLETCFGGKCNAHRCTCSQWPLCAKN,3F58,knot1
GFACGETCIFTSCFITGCTCNSSLCFRN,3OE0,knot1
GGTIFSCGESCFQGTCYTKGCACGDWKLCYGEN,3WMG,knot1
GDTCYETCFTGFCFIGGCKCDFPVCVKN,4IB5,knot1
GAPICGESCFTGTCYTVQCSCSWPVCTRN,4M1D,knot1
GGTIFNCGESCFQGTCYTKGCACGDWKLCYGEN,4N7Y,knot1
GDIPCGESCVYIPCITGVLGCSCSHNVCYYN,4N84,knot1
GSVFNCGETCVFGTCFTSGCSCVYRVCSKD,4Q2K,knot1
GPPVCGETCVGGTCNTPGCSCSWPVCTRN,4ZJX,knot1
GLPVCGEACVGGTCNTPGCSCSWPVCTRN,5J0M,knot1
DTTPCGESCVWIPCVSSIVGCSCQNKVCYQN,5J1O,knot1
DTIPCGESCVWIPCISSILGCSCKDKVCYHN,5J31,knot1
GLPICGETCFKTKCYTKGCSCSYPVCKRN,5JM4,knot1
GSVIGCGETCLRGRCYTPGCTCDHGICKKN,5LSO,knot1
GTVPCGESCVFIPCITGIAGCSCKNKVCYLN,5N99,knot1
GLPICGETCFTGTCYTPGCTCSYPVCKKN,5VAV,knot1
GSVIKCGESCLLGKCYTPGCTCSRPICKKN,5VFW,knot1
GSAIRCGESCLLGKCYTPGCTCDRPICKKN,5W5S,knot1
DLQCAETCVHSPCIGPCYCKHGLICYRN,5W5U,knot1
GIPCGESCVFIPCITGAIGCSCKSKVCYRN,5W6I,knot1
SIPCGESCVYIPCLTTIVGCSCKNSVCYSN,5W6R,knot1
GIPCGESCVYIPCTVTALLGCSCKDKVCYKN,5W6T,knot1
GIPCGESCVFIPCTITALLGCSCKDKVCYKN,5W6U,knot1
GGSIPCGESCVFLPCFLPGCSCKSSVCYLN,5XN3,knot1
GDLFKCGETCFGGTCYTPGCSCDYPICKNN,6B67,knot1
GFNSCSEACVYLPCFSKGCSCFKRQCYKN,6DN5,knot1
GIPCGESCVFIPCTITALLGCSCKSKVCYKN,6DN6,knot1
GIPCGESCVYIPCTVTALLGCSCKNKVCYRN,6DN7,knot1
GVIPCGESCVFIPCISTLIGCSCKNKVCYRN,6DN8,knot1
GLPVCGETCVGGTCNTPGCTCTWPVCTRN,6HLB,knot1
GLPICGETCFGGTCNTPNCVCDPWPICTNN,6HLD,knot1
GDPLKCGESCFAGKCYTPGCTCEYPICMNN,6HZA,knot1
GAFCGETCVLGTCYTPDCSCKAVVCIKN,6JWM,knot1
GDPLACGETCFGGTCYTPGCVCDPWPICTKN,6JWN,knot1
GGEFLKCGESCVQGECYTPGCSCDYPICKNN,6M5E,knot1
GDPFKCGESCFAGKCYTPGCTCEYPICMNN,6NDY,knot1
GSAFCGETCVLGTCYTPDCSCKAVVCIKN,6NNV,knot1
GIPCGESCVYIPCTVTALLGCSCRDKVCYKN,6OO2,knot1
SYIPCGESCVYIPCTVTALLGCSCSNKVCYKN,6RK9,knot1
GSIRCGERCLLGRCHRPGCTCIRRICRRN,6U4A,knot1
NTAFCGETCVLGTCYTPDCSCKAVVCIKN,6U61,knot1
GSAIRCGERCLLGRCHRPGCTCIRRICRRN,6U6K,knot1
GIPCGESCVFIPCTVTALLGCSCKSKVCYKN,6U6L,knot1
DLICSSTCLHTPCKASVCYCKNAVCYKN,6U71,knot1
SIPCGESCVYIPCLTTIVGCSCKSNVCYSN,6U72,knot1
GVIPCGESCVYLPCLTTIVGCSCKNNVCYTN,6U74,knot1
NTAFCGETCVLGTCYTPDCSCTAIVCIKN,6U8G,knot1
GNPIVCGETCFFQKCYTPGCSCDAVICTNN,6U8H,knot1
GVIPCGESCVWIPCISAAIGCSCKKNVCYRN,6U8I,knot1
GALCDERCTYVPCISAARGCSCNIHRVCSMN,6U8M,knot1
GFPICGETCFKTKCYTPGCSCSYPVCKKN,6ULP,knot1
DLQCAETCVHSPCIGPCYCKHGVICYKN,6ULQ,knot1
KIPCGESCVWIPCISSILGCSCKDKVCYHN,6ULT,knot1
GDLFKCGETCFGGTCYTPGCSCDYPICKKN,6ULV,knot1
GAFCGETCVLGTCYTPGCSCAPVICLNN,6UXS,knot1
GSPTCGETCFGGTCYTPNCVCDPWPICTKN,6WGN,knot1
GSPTCGETCFGGTCYTPGCVCDPWPICTKN,6XIB,knot1
GVIPCGESCVFIPCINKKKCSCKNKVCYRD,6XIC,knot1
GLPTCGETCTLGKCNTPKCTCNWPICYKD,6XID,knot1
GLPTCGETCTLGKCNTPKCTCNWPICYKN,6XIE,knot1
GSIPCGESCVYIPCISSLLGCSCKSKVCYKD,6XIF,knot1
GVIPCGESCVFIPCISSVVGCTCKNKVCYRD ,6XS5,knot1
GVIPCGESCVFIPCISSVVGCTCKNKVCYRN,6XS7,knot1
GIPICGETCTIGTCNTPGCTCSWPVCTRD,6XS8,knot1
GKYTCGETCFKGKCYTPGCTCSYPICKKD ,6XS9,knot1
GKPTCGETCFKGKCYTPGCTCSYPLCKKD,6XSA,knot1
GKPICGETCFKGKCYTPGCTCSYPICKKD ,6Y8K,knot1
GKPICGETCFKGKCYTPGCTCSYPICKKN,6YW1,knot1
GSAIACGESCFKFKCYTPGCSCSYPICKKD,6YW2,knot1
GIPTCGETCFKGKCYTPGCSCSYPICKKD ,6YW3,e2s
GLPTCGETCFKGKCYTPGCSCSYPICKKN ,6YW4,e2s
VDGFCLETCVILPCFSSVAGCYCHGSTCMRG,7AR4,e2s
GFPCGESCVFIPCTVTALLGCSCKDKVCYKN,7BPH,e2s
GVIPCGESCVFIPCITGAIGCSCKSKVCYRN,7E5E,e2s
CGESCVFLPCFIIPGCSCKDKVCYLN,7EZW,e2s
ARIPCGESCVWIPCTITALVGCACHEKVCYKS,7JRH,e2s
GSIRCGERCLLGRCHRPGCTCVRRICRRN,7K2E,e2s
GFICGESCVYIPCITALLGCSCSNQICSKN,7K2F,e2s
GDPLKCGESCFAGKCYTPGCTCSRPICKKN,7K2G,e2s
GDPLKCGESCFAGKCYTPGCTCDRPICKKN,7K2H,e2s
DIPCGSTCLHVKCIPPCYCKNKVLCYRN,7K2I,e2s
GIPCAESCVYIPCLTSIGCSCKSKVCYRN,7K2J,e2s
GIPCAESCVYIPCLTSAGCSCKSKVCYRN ,7K2K,e2s
GSIPCGESCVYIPCITSIVGCSCKSKVCYKN,7K2L,e2s
GVIPCGESCVFIPCFSTVIGCSCKNKVCYRN,7K2M,e2s
GVIPCGESCVFIPCISTVIGCSCKKKVCYRN,7K2N,e2s
GVIPCGESCVFIPCFSSVIGCSCKNKVCYRN,7K2O,e2s
GIPCGESCVFIPCFTSVFGCSCKDKVCYRN,7K2P,e2s
GVPCGESCVYIPCFTGIINCSCRDKVCYNN,7K2Q,e2s
GLPCGESCVYIPCISTVLGCSCSNKVCYRD,7K2R,e2s
GFPCGESCVYIPCFTAAIGCSCKSKVCYKN,7K2S,e2s
SIPCAESCVWIPCTVTALLGCSCSDKVCYN,7KEV,e2s
GSTPCGESCVWIPCISGIVGCSCSNKVCYMD,7KFA,e2s
GIPCGESCIFIPCITTVVGCSCSNKVCYDN,7L4Z,e2s
GIPCAESCVYIPCTVTALLGCSCSDKVCYN,7LIB,e2s
GSVPCGESCVWIPCITSIAGCSCSNKVCYMD,7MSO,e2s
KIPCGESCVYIPCISSVLGCSCSNKVCYKD,7RNW,e2e
GLPICGESCVGGTCNTPGCTCTWPVCTRN,7ROV,e2e
GVIPCGESCVFIPCISTLIGCSCKNKVCYRN,7S5H,e2e
GLPCAESCVFIPCTITAILGCSCRDRVCYD,7UBC,e2e
GIPCAESCVFIPCVTAILGCSCKDRVCYN,7UBD,e2e
GIPCGESCVWIPCISSAIGCSCKDKVCYRD,7UBE,e2e
GIPCGESCVWIPCISSAIGCSCRSKVCYRD,7UBF,e2e
GTLPCGESCVWIPCISSVVGCSCKDKVCYKD,7UBG,e2e
GIPVCGETCAFGTCYTGGCSCSWPVCTRN,7UBH,e2e
GTHPCQETCVTSTRCSTQGCHCNWPICFKN,7UBI,e2e
GVACGESCVYLPCFTVGCTCTSSQCFKN,7UZL,e2e
GFPTCGETCTLGTCNTPGCTCSWPICTRD,7YUZ,e2e
GIPTCGETCTLGTCNTPGCTCSWPICTKN,7YV1,e2e
GLPICGETCFTGKCYTPGCTCSYPICKKN,7Z4S,e2e
GKPICGETCFKGKCYTPGCTCSYPVCKKN,8CTO,e2e
GIPCGESCVYIPCITAAIGCSCKSKVCYRN,8CUN,e2e
GLPICGETCFFGKCNTPKCTCINPICYKN,8CWA,e2e
GIPCAESCVYIPCITAALGCSCKNKVCYRN,8DNQ,e2e
GIPICGETCFFGKCNTPKCTCNKPLCYKN,8EHV,e2e
GIPCGESCVYIPCITTAIGCSCKNKVCYRN,8F1F,e2e
GSIPCGESCVYIPCISSIVGCACKSKVCYKN,8F4B,e2e
GSIPCGESCVWIPCISSVVGCACKNKVCYKN,8JJS,e2e
GSIPCGESCVYIPISAVLGCSCKNKVCYRN,8PKU,e2e+s2s
GTIPCGESCVYIPCITSALGCSCKKKVCYKN,8PKV,e2e+s2s
GTIPCGESCVYIPCLTSALGCSCKNKVCYRN,8PKW,e2e+s2s
GFPTCGETCTLGTCNTPGCTCSWPICTRN,8PKX,e2e+s2s
GKPICGETCAKGKCYTPKCTCNWPICYKN,8Q1N,e2e+s2s
GSIPCGESCVFIPCISGLAGCSCKNRVCYLN,8R8U,e2e+s2s
GIPCGESCVFIPCISSVVGCSCKSKVCYRN,8R8V,e2e+s2s
GIPVCGETCTLGTCYTAGCSCSWPVCTRN,8VX7,e2e+s2s
GSIPACGESCFKGKCYTPGCTCSKYPLCAKN,8WW0,e2e+s2s
GVIPCGESCVFIPCISAVIGCSCKSKVCYRN,8WW1,e2e+s2s
GIIPCGESCVFIPCITSVVGCSCKSKVCYKN,9BT3,e2e+s2s
GIIPCGESCVFIPCITSIVGCSCKSKVCYKN,9BT6,e2e+s2s
GLPICGETCFTGTCNTPGCSCTYPICTRD,9BT7,e2e+s2s
GDLPICGETCFGGTCNTPGCVCAWPVCNR,1BZH,e2e+s2s
SVTPIVCGETCFGGTCNTPGCSCSWPICTK,1D7T,e2e+s2s
GDLPVCGETCFGGTCNTPGCVCAWPVCTR,1DFY,e2e+s2s
GLPVCGESCFGGTCNTPGCSCTWPVCTRD,1DFZ,e2e+s2s
GFNPCGETCIWFPTCHAPGCTCSIANICVRN,1DG0,e2e+s2s
GFNPCGETCWNKPTCHAPGCTCSIANICVRN,1FOZ,e2e+s2s
GFNPCGETCQIDQTCHAPGCTCSIANICVRN,1IM7,e2e+s2s
GTFPCGESCVYIPCISSVVGCSCKSKVCYKN,1QFB,e2e+s2s
GTFPCGESCVWIPCISSVVGCSCKSKVCYKN,1SLE,e2e+s2s
GNPGACGETCIWGKCYSASIGCSCSKYKVCTLN,2CK0,e2e+s2s
GNPGACGETCVWGKCYSASIGCSCNKYKVCTLN,2F58,e2e+s2s
GNPGACGETCIWGKCYSASIGCSCSRYKVCTLN,2KDQ,e2e+s2s
GNPGACGETCIWGKCYSAKIGCSCSKYKICTLN,3F58,e2e+s2s
GAFLKCGESCVYLPCLTTVVGCSCQNSVCYRD,3OE0,e2e+s2s
GAVPCGETCVYLPCITPDIGCSCQNKVCYRD,3WMG,e2e+s2s
GTSCGETCVLLPCLSSVLGCTCQNKRCYKD,4IB5,e2e+s2s
GVFCGEACAQASCSIAGCECIAGLCYKN,4M1D,e2e+s2s
GVFCGELCIKASCSIPGCECIAGLCYKN,4N7Y,e2e+s2s
GVFCGEPCIKASCSIPGCECIAGLCYKN,4N84,e2e+s2s
GIHCAETCLWGTCRTAYIGCSCENKICYKN,4Q2K,e2e+s2s
GLPVCGETCFGGTCNTPGCSCEWPVCTRN,4ZJX,e2e+s2s
PISCGETCKFSRCFTSIFGCKCINKVCHT,5J0M,e2e+s2s
GLFCGEYCVQFPCRSPGCICLRGLCVRN,5J1O,e2e+s2s
GIPCGESCVFIPCISSVIGCSCKSKVCYRN,5J31,e2e+s2s
GIPCGESCVWIPCFSAAIGCSCSSKVCYRN,5JM4,e2e+s2s
GKIPCGESCVWIPCITTVVGCSCSNKVCYKN,5LSO,e2e+s2s
GRVPCGESCVYIPCFTSIAGCSCSDKVCWHN,5N99,e2e+s2s
GFPCGESCVYVPCLTAAIGCSCKNKVCYKN,5VAV,e2e+s2s
GVQCGPTCRFGPVNCGINPRCNCRNTRCVWD,5VFW,e2e+s2s
GIHCAETCIWGTCRTAIIGCSCENRICYKN,5W5S,e2e+s2s
GLPVCGETCVGGTCSTPGCGCSWPVCTRN,5W5U,e2e+s2s
GPPVCGETCVGGTCNTPGCSCSWPVCTRN,5W6I,e2e+s2s
GLPVCGETCVGGACNTPGCACSWPVCTRN,5W6R,e2e+s2s
GLPVCGEACVGGTCNTPGCSCSWPVCTRN,5W6T,e2e+s2s
GLPVCGETCFGGTCNTPGCPCEWPVCTRN,5W6U,e2e+s2s
GSIPSCGESCFKGKCYTPGCSCSKYPLCAKN,5XN3,e2e+s2s
GQDFCGGQICFASDCIVVGCECDAWSRCVPS,6B67,e2e+s2s
GSYYSCGETCRKTKCYTPDCICAWPGLCGKN,6DN5,e2e+s2s
GIPCAESCVYLPCVTIVIGCSCKDEVCYNS,6DN6,e2e+s2s
GSIPSCGESCFKGKCYTPGCSCSKYPLCAKK,6DN7,e2e+s2s
GSIPSCGESCFKGKCYTPGCSCSKYPLCAYE,6DN8,e2e+s2s
GIPCGESCVWIPCITAAIGCSCSSKVCYRN,6HLB,e2e+s2s
GSIPSCGESCFKGKCYTPVCSCSKYPLCAKN,6HLD,e2e+s2s
GASCVETCNYFPCISEMINCYCQSKRCVKN,6HZA,e2e+s2s
GSLPCGESCVFIPCISSVIGCACKSKVCYKN,6JWM,e2e+s2s
GIHCAETCFWGTCRTAYIGCSCENRICYKN,6JWN,e2e+s2s
GIPCGESCVWIPCISSLIGCSCRGKVCYH,6M5E,e2e+s2s
GVPCGESCVWIPCLTGAIGCSCSNKVCYLN,6NDY,e2e+s2s
GTFCGETCVMFPCFSSARGCGCHNLGCELN,6NNV,e2e+s2s
GIPCGESCVWIPCLTSAIGCSCKSKVCYKN,6OO2,e2e+s2s
GGHCGESCMLLPCFTARIGCSCSRSICYKN,6RK9,e2e+s2s
GRFCGEICSRGFCSNPRCTCNASRQCVRN,6U4A,e2e+s2s
GRAVCGETCFAGICYTPVCVCGKWDLCRMN,6U61,e2e+s2s
SELPCGESCVFIPCITSIAGCSCSHKVCYLN,6U6K,e2e+s2s
GPTPCGETCIWISCVTAVMGCSCKNSICYMN,6U6L,e2e+s2s
GEVTCNGETCFTGKCNAKGCNCKNWPLCTRN,6U71,e2e+s2s
SIFCSETCRTFPCFTKAVGCSCVSKRCYKN,6U72,e2e+s2s
GIPCAETCLWRPCRTAIMGCSCEYNFCYKN,6U74,e2e+s2s
GRLPCGESCVFLPCLSVSLGCSCKNKVCYRN,6U8G,e2e+s2s
GRLPCGESCVFLPCLSAVLGCSCKNKVCYRN,6U8H,e2e+s2s
GVLPCGESCVFDRTCHLAGCGCGSTVPLCVRN,6U8I,e2e+s2s
GLPCAESCVWLPCTVTALLGCSCKDKVCYRN,6U8M,e2e+s2s
GTVPCGESCVWLPCLTGLVGCSCKNNVCYTN,6ULP,e2e+s2s
GLPTCGETCTLGTCNTPGCTCSWPLCTKN,6ULQ,e2e+s2s
GLPCGESCVYLPCLLTAPLGCSCKNKVCYRN,6ULT,e2e+s2s
GVPCGESCVWLPCTVTALLGCKCETRGCTLN,6ULV,e2e+s2s
GLPCAESCVWLPCTVTALLGCTCVDRVCFLD,6UXS,e2e+s2s
GLPVCGETCAGGTCNTPGCSCTWPLCTRN,6WGN,e2e+s2s
GLPCGESCVFLPCLTSALGCSCKSKVCYRN,6XIB,e2e+s2s
GSVPCGESCVWLPCLSGLAGCSCKNKVCYYD,6XIC,e2e+s2s
GLPICGETCVFGKCNTPGCSCRRPICYKN,6XID,e2e+s2s
GSYLCGETCVQGKCYTPGCTCSWPICKKN,6XIE,e2e+s2s
GLPICGETCLLGKCYTPGCSCRRPVCYKN,6XIF,e2e+s2s
GKPICGETCLLGKCYTPGCTCGKRVLCYKN,6XS5,e2e+s2s
GLPICGETCTLGTCNTPGCTCSWPVCFRN,6XS7,e2e+s2s
PSPCGESCVFIPCISALIGCSCKNKVCYR,6XS8,e2e+s2s
GISCAETCVKLPCLSSVIGCTCQNKRCYKD,6XS9,e2e+s2s
GISCGETCVLLPCLSSVIGCTCQNKRCYKN,6XSA,e2e+s2s
GGSVPCGESCVFIPCLTSLAGCSCKNKVCYYN,6Y8K,e2e+s2s
GVIPCGESCVFIPCISSFLGCSCKNKVCYRN,6YW1,e2e+s2s
GLPVCGETCVGGTCNTPGCTCTWPVCTRN,6YW2,e2e+s2s
GIPCAESCVYIPCTITALLGCSCKSKVCYN,6YW3,e2e+s2s
GAVPCGESCVYLPCLTTVVGCSCQNSVCYHN,6YW4,e2e+s2s
GAVPCGETCVYLPCITAAIGCSCQNKVCYRD,7AR4,e2e+s2s
GISCAETCVLLPCLSSVIGCTCQNKRCYKN,7BPH,e2e+s2s
GIPCGESCAFLPCLTSLLGCTCQNKVCYRD,7E5E,e2e+s2s
GNPCGESCVYLPCITTVVGCSCQNSVCYHN,7EZW,e2e+s2s
QCGESCVWIPCISSAWGCSCKNKICSS,7JRH,e2e+s2s
QCGESCVWIPCISSAWGCSCKNKICSS,7K2E,e2e+s2s
GRPTCGETCFKTKCYTPGCSCSYPICKKN,7K2F,e2e+s2s
GDALKCGETCFGGTCYTPGCSCDYPICKKN,7K2G,e2e+s2s
GCLPICGETCFKTKCYTKGCSCSYPICKKN,7K2H,e2e+s2s
GRPTCGETCFKTKCYTKGCSCSYPVCKRN,7K2I,e2e+s2s
ANIPMTCGPCLTDECWTPGCEYHCKYCKNS,7K2J,e2e+s2s
GISCGESCVFIPCITGIAGCSCKNKVCYLN,7K2K,e2e+s2s
CVIPCGESRVFIPCITGAIGCSCKSKVCYRN,7K2L,e2e+s2s
GSITGCGGGCLLGRCYRPGCTCVRRICRRN,7K2M,e2e+s2s
GSAIRCGERCLLGRCHRPGCTCVRRICRRN,7K2N,e2e+s2s
GSSIVTCGETCLRGKCYTPGCTCVRPICKKN,7K2O,e2e+s2s
GDPFKCGESCFAGKCYTPGCTCSRPICKKN,7K2P,e2e+s2s
GSPCGESCVFIPCISTVIGCSCKNKVCYRN,7K2Q,e2e+s2s
GIPCGESCVYIPCTVTALLGCSCKNKVCFRN,7K2R,e2e+s2s
GIPCGESCVFISCTVTALLGCSCKDKVCYKN,7K2S,e2e+s2s
NIFPCGESCVYIPCITSIVGCSCQNKVCYNN,7KEV,e2e+s2s
DTIPCGESCVFIPCTSSVLGCSCKDKFCYNN,7KFA,e2e+s2s
GGTACGESCIYLPCISGVFEGCSCQNKACYKN,7L4Z,e2e+s2s
GIPCGESCVFLPCFIIPGCSCKDKVCYLN,7LIB,e2e+s2s
GIPCVESCVFIPCTVTALLGCSCKDKVCYKN,7MSO,e2e+s2s
GVPCGESCVYIPCTVTALLGCSCKNKVCYRN,7RNW,e2e+s2s
GLPCGESCVYIPCISTVLGCSCSNKVCYRN,7ROV,e2e+s2s
KIPCGESCVWIPCFTSAFGCYCQSKVCYHS,7S5H,e2e+s2s
GIPCGESCVWIPCITAAVGCSCSNKVCYRN,7UBC,e2e+s2s
GIPCGESCVWIPCISSVLGCSCSNKVCYRN,7UBD,e2e+s2s
GAIPCGESCVYIPCISTVLGCSCSNKVCYKN,7UBE,e2e+s2s
GIPCGESCVWLPCFIVPGCSCNDKVCYLN,7UBF,e2e+s2s
AVPCGESCVWIPCITSIAGCSCSNKVCYMN,7UBG,e2e+s2s
GIPCGESCVYIPCFTAAIGCSCSNKVCYRN,7UBH,e2e+s2s
GLAKSCGETCKVTKRCSGQGCSCLKGRSCYD,7UBI,e2e+s2s
GIPCGESCVWIPCISAAIGCSCSNKVCYRN,7UZL,e2e+s2s
GIPCGESCVWIPCFSAAIGCSCRSRVCYRN,7YUZ,e2e+s2s
GIPCGESCVWIPCFSAAIGCSCRSKVCYRN,7YV1,e2e+s2s
AVPCGESCVIIPCFTGIVGCGCTNKVCYIN,7Z4S,e2e+s2s
SIPCGESCVFIPCFTGVVGCGCTNKVCYIN,8CTO,e2e+s2s
GIPCGESCVFIPCFTSAIGCSCKSKVCYRN,8CUN,e2e+s2s
GTPCGESCVYIPCLSTVLGCSCSNRICYRN,8CWA,e2e+s2s
GSPCGEYCVFHPSCITAIIGCSCRNRVCYKN,8DNQ,e2e+s2s
GIIPCGETCIWDKTCHIPGCKCEHNICVRN,8EHV,e2e+s2s
GTPCGESCVWIPCVTTIVGCSCKSNVCYLN,8F1F,e2e+s2s
GIIPCGETCIWDKKCHIQGCSCKHDICVRN,8F4B,e2e+s2s
GFPCGESCVYIPCTVTALWGCACWEHVCYTN,8JJS,e2e+s2s
GIPCAESCVWIPCTVTALLGCSCSDKVCYN,8PKU,e2e+s2s
GAMPCGESCVYIPCTVTALLGCSCKNNVCYKN,8PKV,e2e+s2s
GIIPCGESCVWIPCTVTAVMGCSCKDNVCYRN,8PKW,e2e+s2s
GIPCGESCFWIPCTVTSLLGCSCKSSVCYKY,8PKX,e2e+s2s
GVIPCGESCVYIPCTVTALLGCSCSNKVCYKN,8Q1N,e2e+s2s
SIPCGETCVWLPCFIVPGCSCKDKVCYIN,8R8U,e2e+s2s
GLIPCGESCVLIPCISTIIGCSCKNKVCYRN,8R8V,e2e+s2s
RFTSCQEGCFFRPCTTPGCRCLADLCVKN,8VX7,e2e+s2s
GIKIPCGESCAWVDFCFTSIVGCSCENKVCYKN,8WW0,e2e+s2s
KIPCGESCAWVDFCFTSIVGCSCENKVCYKN,8WW1,e2e+s2s
GIPCGESCVFIPCLTAAIGCSCSNRVCYRN,9BT3,e2e+s2s
KVPCGESCAWVNFCFTSVVGCSCQDKVCYMN,9BT6,e2e+s2s
SIPCGESCVFIPCFTRVIGCSCRNKVCYRG,9BT7,e2e+s2s
QVSCGETCKSGPCSYPRCTCTAKICVLY,1BZH,e2e+s2s
AIPCGESCVFIPCFTKVIGCSCRSRVCYL,1D7T,e2e+s2s
ELISCGESCVYFPCITRIVGCRCRRNVCWLQ,1DFY,e2e+s2s
PAAFPCGESCVYIPCLTTAIGCSCKNKVCYHD,1DFZ,e2e+s2s
PAAFPCGESCVYIPCVTTLIGCSCKDKVCYHD,1DG0,e2e+s2s
IPCLESCVYLPCIFTGPTLGCSCKNNVCYR,1FOZ,e2e+s2s
GIPCGESCGESCVWIPCISSVLGCSCSNKVCYRN,1IM7,e2e+s2s
GRPCGEYCLFGRSCVTAVIGCSCSNNVCYQN,1QFB,e2e+s2s
DLICSQTCFSHPCVPQCVCRNFICYRN,1SLE,e2e+s2s
ALICGESCFTGKCYSEVIGCGCSWPLCKKN,2CK0,e2e+s2s
PLICGETCFTGTCYSAQIGCSCSWPVCMKN,2F58,e2e+s2s
YYCGETCKFITCTFSRLEWCSCQNKRCMNN,2KDQ,e2e+s2s
SIPCGESCVIIPCITGIFGPCSCKSKVCYFN,3F58,e2e+s2s
GTPCGESCVYIPCLTTIVGCSCKSNVCYLN,3OE0,e2e+s2s
SVPCGESCVFIPCVTGIIGCECKSKVCYLN,3WMG,e2e+s2s
GLIPCGESCVWIPCFSAAIGCSCNGQDHVCYRN,4IB5,e2e+s2s
GIPCAESCVYIPCIVSVILGCSCQSKVCYN,4M1D,e2e+s2s
TPCGETCKYIPCITLIYPPCECKDGLCVWPSVD,4N7Y,e2e+s2s
GIPCGESCVWIPCLSSAFGCSCRSKVCYRN,4N84,e2e+s2s
GLQRCRESCNRVKCWLPGCECLNKMCYKN,4Q2K,e2e+s2s
ALFCGESCFVGSCNKSPAGCRCSYPFCIKN,4ZJX,e2e+s2s
GFHCRESCRHTRCSIAACSCSKDKYCMRN,5J0M,e2e+s2s
GFSCGQSCVFLPCLNPGPIPPSCRCVKGECVRN,5J1O,e2e+s2s
GIPCPGSCFFIDCNPGPFPPSCKCKGGMCVRN,5J31,e2e+s2s
AVPCGESCVWIPCISSIAGCSCSNSVCYLN,5JM4,e2e+s2s
VLSCIETCVYIPCITSLIGCSCKDKICYLN,5LSO,e2e+s2s
FFPCTESCGVLPCLTSLIGCRCVDKICVKD,5N99,e2e+s2s
GIPCAESCVFIPCTITALLGCKCQSNVCYN,5VAV,e2e+s2s
GIPCAESCVFIPCTITALLGCKCQSKVCYN,5VFW,e2e+s2s
GIPCAESCVWIPCTVTALLGCKCQSNVCYN,5W5S,e2e+s2s
AIPCGESCVWIPCFSSVIGCRCRSKVCYR,5W5U,e2e+s2s
GFLQSCGEGCFFKPCTKPGCTCLADLCVTN,5W6I,e2e+s2s
SIPCGESCALFDFCFTAPLGCTCQNKVCYKN,5W6R,e2e+s2s
GIPCGESCAWLPFCFTAPLGCTCQDKVCYRN,5W6T,e2e+s2s
SIPCGESCAWFDFCFTAPLGCTCQNKVCSIN,5W6U,e2e+s2s
SIGCGESCVYLGCFIIPACRTCRNNACYLN,5XN3,e2e+s2s
GIPCGESCVFIPCITSIAGCSCQSKVCYLN,6B67,e2e+s2s
GPPCYSTCRFIPACVKTTWPQCVCKDGVCVVQ,6DN5,e2e+s2s
SIPCGESCVYLPCFSAIFGCRCNEYSLCVKG,6DN6,e2e+s2s
SIPCGESCVYLPCFSAIFGCRCNENRICVKG,6DN7,e2e+s2s
GIPCGESCVWLPCFTKYIGCGCQSKVCYY,6DN8,e2e+s2s
GTPCGESCAFRPCISGRIGCQCKHRFCYR,6HLB,e2e+s2s
IPCGERCEFMPCYTRVIACSCRNKVCYRGSS,6HLD,e2e+s2s
SMPCGETCYFIPCLTKLINCECVNNICVLGA,6HZA,e2e+s2s
IPCLESCVHLPCIFTGPTLGCSCKNNVCYR,6JWM,e2e+s2s
GIPCGESCGESCVFIPCLTSAIGCSCKSKVCYRN,6JWN,e2e+s2s
GIPCGESCVYIPCITAALGCSCKSKVCYRN,6M5E,e2e+s2s
GTIPCGESCVFIPCISSVLGCSCKSKVCYKN,6NDY,e2e+s2s
GIPCGESCVFIPCISSVLGCSCKSKVCYRN,6NNV,e2e+s2s
GVIPCGESCVFIPCISTLLGCSCKSKVCYRN,6OO2,e2e+s2s
AIPCGESCVYIPCISVVIGCSCRNKVCYR,6RK9,e2e+s2s
AIPCGESCVYLPCFTKVFKCKCKNKVCYR,6U4A,e2e+s2s
PCGESCVYLPCFTKVFKCKCKNKVCYR,6U61,e2e+s2s
IPCGESCVYIPCLTSVIKCKCKNKVCYR,6U6K,e2e+s2s
AIPCGESCVYIPCLTSVIKCKCKNKVCYR,6U6L,e2e+s2s
AIPCGESCVYIPCISKILGCSCKNKVCYR,6U71,e2e+s2s
QQYCGESCYVLPCFTQGCHCVSGQCVRDN,6U72,e2e+s2s
IPCGESCVWIPCLTSVFKCKCKNKVCYR,6U74,e2e+s2s
IPCGESCVYIPCISQVIGCKCKNKVCYR,6U8G,e2e+s2s
AIPCGESCVWIPCISKVIGCSCKNKVCYR,6U8H,e2e+s2s
AIPCGESCVYIPCISQVIGCKCKNKVCYR,6U8I,e2e+s2s
IPCGESCVFIPCISQVVGCKCKNKVCYR,6U8M,e2e+s2s
AIPCGESCVFIPCISQVVGCKCKNKVCYR,6ULP,e2e+s2s
AIPCGESCVWIPCISAAIGCSCKNKVCYR,6ULQ,e2e+s2s
VIPCGESCVYIPCISTVIGCSCQNKVCYRN,6ULT,e2e+s2s
AIPCGESCVWIPCISSVVGCKCKNKVCYR,6ULV,e2e+s2s
AIPCGESCVWIPCISAAIGCSCRSKVCYR,6UXS,e2e+s2s
IPCGESCVYIPCLTAAIGCSCKNKVCYR,6WGN,e2e+s2s
IPCGESCVYIPCISKVIGCSCKNKVCYR,6XIB,e2e+s2s
ZLPCGESCVWIPCISSVIGCSCRNKVCYR,6XIC,e2e+s2s
FQCGESCGMITTYCFTSVIGCSCKGRVCVR,6XID,e2e+s2s
AIPCGESCVYIPCISAVIGCKCQNKVCYR,6XIE,e2e+s2s
AIPCGESCVYIPCISSVLGCSCKNKVCYR,6XIF,e2e+s2s
AIPCGESCVFIPCISSVIGCSCKNKVCYR,6XS5,e2e+s2s
AIPCGESCVYIPCLTAAIGCSCKNKVCYR,6XS7,e2e+s2s
ZLPCGESCVWIPCISSVIGCSCRNKVCYR,6XS8,e2e+s2s
AIPCGESCVYIPCISKVIGCSCKNKVCYR,6XS9,e2e+s2s
ETPCGESCVWIPCLTGVIGCSCRNKVCYM,6XSA,e2e+s2s
VPCGESCVFLGCFIPGCSCKNKVCYF,6Y8K,e2e+s2s
ZLPCGESCVWIPCISSVIGCSCRNKVCYR,6YW1,e2e+s2s
AIPCGETCVILGCFIPGCKCKNKVCYF,6YW2,e2e+s2s
AVPCGESCVFLGCFIPGCSCKNKVCYF,6YW3,e2e+s2s
GIPCGESCVYIPCTVTALLGCSCQDKVCYKN,6YW4,e2e+s2s
GLPVCGETCVGGTCNTPGCVCSWPVCTRN,7AR4,e2e+s2s
GLPVCGETCVGGTCNTPGCVCSWPICTRN,7BPH,e2e+s2s
GLPTCGETCVGGTCNTPGCVCSWPICTRN,7E5E,e2e+s2s
GLPVCGETCVGGTCNTPGCVCAWPICTRN,7EZW,e2e+s2s
GLPVCGETCVTGSCYTPGCSCSWPVCKRN,7JRH,e2e+s2s
ALPVCGETCVGGTCNTPGCSCSWPVCTRN,7K2E,e2e+s2s
SKDNCGESCFAGKCYTPGCTCEYPICMNN,7K2F,e2e+s2s
GTIPCGESCVFIPCLTSAIGCSCKKVCYKN,7K2G,e2e+s2s
GIPCGESCVWIPCITGTIGCSCKSKVCYTN,7K2H,e2e+s2s
GIPCGESCVFIPCISSIVGCSCKSKVCYKN,7K2I,e2e+s2s
GSIPCGESCVFIPCLTSAIGCSCKSKVCYRN,7K2J,e2e+s2s
GSIPCGESCVFIPCISSIVGCSCKSKVCYR,7K2K,e2e+s2s
GVPCGESCVWVPCTVTALMGCSCVREVCRIS,7K2L,e2e+s2s
GAIYCGESCVLIPCISSVIGCRCENKVCVHR,7K2M,e2e+s2s
GSVIKCGESCLLGKCYTPGCTCSRPICKGK,7K2N,e2e+s2s
GHPDGAVPCFESCVFVPCISSVVGCRCENNVCVK,7K2O,e2e+s2s
GIPCGESCVWIPCITSAIGCSCSSKVCYRN,7K2P,e2e+s2s
GIPCGESCVWIPCLTSAIGCSCSSKVCYKN,7K2Q,e2e+s2s
GTFPCGESCVFIPCISSVVGCSCKSKVCYKN,7K2R,e2e+s2s
GFPCGESCVYIPCLTAAIGCSCKNKVCYKN,7K2S,e2e+s2s
GSVPCGESCVWIPCISSVVGCSCSNKVCYMN,7KEV,e2e+s2s
GLKAAVPCGESCVWIPCVTSVVGCSCSNKVCYN,7KFA,e2e+s2s
GIPCGESCAYAPCFTSLISCTCSRKGCYH,7L4Z,e2e+s2s
GAFCFETCVFLPCFSSGIGCYCAWHYCVQD,7LIB,e2e+s2s
GVACGESCIIRPCIFTAILGCRCRFTVCVN,7MSO,e2e+s2s
GLPVCGETCVGGSCYTPGCTCSWPVCTRN,7RNW,e2e+s2s
GVPICGESCFKGACYTPGCTCNWPVCERN,7ROV,e2e+s2s
GSYISCGETCVKLKCYTPGCKCTWPACKKN,7S5H,e2e+s2s
ASSTCGKTCFGGICNTPGCSCSSWPMCMKN,7UBC,e2e+s2s
GIVYCGETCGGTRCYTPGCSCRYPYCSKN,7UBD,e2e+s2s
GSIFNCGETCVFGTCYTPGCSCVYGACSKD,7UBE,e2e+s2s
GDRAVCGETCFTGICYTPICVCGKWDLCRMN,7UBF,e2e+s2s
GDYYACRESCHKTKCHTPGCICGWPGLCAKN,7UBG,e2e+s2s
GLNCGESCWGFHCDRHDCTCGLTWPYCSKN,7UBH,e2e+s2s
GSFSRCSGSCRNTPCPPGCFCTTRFTCI,7UBI,e2e+s2s
GTIFDCGETCALGTCYTPHCSCGKFFLCYGTD,7UZL,e2e+s2s
GTIFDCGETCFLGKCYTPGCSCGEYKVCYGTN,7YUZ,e2e+s2s
GYNCGETCWGFHCDRDDCSCGLTWPYCSKN,7YV1,e2e+s2s
GIPCAESCVWIPCTVTALVGCSCSEKVCYYN,7Z4S,e2e+s2s
GHYCGETCFFIPCASSLIDCECHNDYCYRN,8CTO,e2e+s2s
GVPCGESCNVIPCIASLSCRCKSKVCFQN,8CUN,e2e+s2s
GVTCRETCYSQDCYSAWAGCKCNDGACFIN,8CWA,e2e+s2s
GPPCGDTCVFDPCLVSAPCKCKNRVCYRN,8DNQ,e2e+s2s
GVNAHCYESCYVIPCLTEIVGCACRGNVCRPK,8EHV,e2e+s2s
GEVPCIETCFITECFGFYYGCTCQSGLCKKKK,8F1F,e2e+s2s
GRFSCGETCFTSACHFRDIGCQCVNSQCSR,8F4B,e2e+s2s
GRSCRETCIYTSCFVTGCKCDDGACIR,8JJS,e2e+s2s
GRNCGETCAFIPCISWGCSCEFRGALKYCFKN,8PKU,e2e+s2s
GVLCAESCTFTSCFLTGCTCERNFCFRN,8PKV,e2e+s2s
GSCGETCKYFGCYSMIVGCKCNRNKMCYK,8PKW,e2e+s2s
GYTCIETCIIWDCESSIYGCSCQSGLCKMAK,8PKX,e2e+s2s
GINLFCLETCFFMPCLSEIIGCSCYRGGCYIIY,8Q1N,e2e+s2s
GKPFCGELCSRFICYHEDCTCEWPVCTK,8R8U,e2e+s2s
GFPYVSCGETCLLGECYTEGCFCGVSICYREE,8R8V,e2e+s2s
GCGGETCLQGKCFANDCICDWPYCKK,8VX7,e2e+s2s
GLNCGETCWGFSCDRDDCSCGFTWPYCSKN,8WW0,e2e+s2s
GLNCGETCWGFSCDRDDCSCGFTWPYCSKN,8WW1,e2e+s2s
GLNCGETCWGFTCNRADCSCGFTYPYCSKN,9BT3,e2e+s2s
GVYCGETCKYTACRTIGCSCNSNQMCYK,9BT6,e2e+s2s
GKFCFETCRSSGCASGTFGCSCEGTMCRGN,9BT7,e2e+s2s
GYSGGCGETCFHKPCASMAYGCSCKDGACST,1BZH,e2e+s2s
GDACGDTCVFFGCDDPGCTCGVLSICYRN,1D7T,e2e+s2s
GYSGGCGETCVTVRCFTFPLCTCKNGKCTK,1DFY,e2e+s2s
GLIPCGESCAWFPFCFTETIGCSCQNKICYFM,1DFZ,e2e+s2s
GLPVCGESCVGGTCNTPGCSCTWPLCTRN,1DG0,e2e+s2s
GEICGRVQWCNSKSPCPAGCYCSYSGHCVKN,1FOZ,e2e+s2s
GIPCGETCVFSGCYSVTFGCACEKRVCYKN,1IM7,e2e+s2s
GFVHDPNFLNCGETCWGGTCNSVGCSCGFSWPYCTKN,1QFB,e2e+s2s
GKSGSCGESCYKTTCSSSFYGCSCNPVNSWCWQN,1SLE,e2e+s2s
GLPVCGETCVGGTCNTPGCTCSWPVCSRN,2CK0,e2e+s2s
GSIFNCGETCIMGTCYTPGCSCVYGACSKN,2F58,e2e+s2s
ALPVCGESCFQGACYTPGCVCSWPVCVQN,2KDQ,e2e+s2s
GIPCGESCVYIPCISAVIGCSCSSKVCYRN,3F58,e2e+s2s
GAFPCGESCVYIGCITSIAGCSCSDNVCYKN,3OE0,e2e+s2s
LPLCGGETCTFGTCDTPGCTCGYWPFCTKD,3WMG,e2e+s2s
GSIGPCGESCFKGKCYTPGCTCDWPICKKN,4IB5,e2e+s2s
SDTGYCNESCGTNECTTLGCICRKKVCVID,4M1D,e2e+s2s
SLPCGESCVYIPCISGLLGCSCKNKVCYYN,4N7Y,e2e+s2s
GLNCGETCWGFHCDSPGCSCGLTWPYCSKN,4N84,e2e+s2s
IFDCGESCIMGKCYTPGCSCGSWKMCYGTN,4Q2K,e2e+s2s
GRAVCGETCFTGICYTPVCVCGKWDLCRMN,4ZJX,e2e+s2s
GFTEPCGETCRILACGIPGCQCYARICYWN,5J0M,e2e+s2s
GKFCSETCMSFPCFTKAIGCSCESKRCYKN,5J1O,e2e+s2s
LDLCFESCIYLGCISSAFGCYCYNLLCVKD,5J31,e2e+s2s
GIPCAETCLWRPCHTAIIGCSCEYNFCHKN,5JM4,e2e+s2s
GIHCAETCLWRPCHTAIIGCSCEHNICYKN,5LSO,e2e+s2s
RDLCFETCITFGCISASFGCYCYNLLCVKD,5N99,e2e+s2s
GVIPCGESCVFIPCISAAIGCSCKNKVCYRD,5VAV,e2e+s2s
GIPCGESCVFIPCISGVLGCSCSNKVCYRN,5VFW,e2e+s2s
GSVPCGESCVWIPCISGILGCSCSNKVCYYN,5W5S,e2e+s2s
SIPCGESCVWIPCTVTALAGCSCKNKVCYKN,5W5U,e2e+s2s
GLPCGESCVFLPCTVTAIIGCSCKSKVCYKN,5W6I,e2e+s2s
GIPCGESCVWIPCISSAIGCSCKNKVCYKN,5W6R,e2e+s2s
GIACGESCAYFGCWIPGCSCKDKVCYIN,5W6T,e2e+s2s
GVPCGESCVFIPCITTVIGCSCKDKVCTYN,5W6U,e2e+s2s
GVPCGESCVFIPCFTTVVGCSCKDKVCYNN,5XN3,e2e+s2s
GVACGESCAYFGCWIPGCSCKDKVCYFN,6B67,e2e+s2s
GVPCGESCVFIPCLTSVVGCSCKDKVCYNN,6DN5,e2e+s2s
GLPTCGETCFTGKCYTPGCTCGAYFVCLKN,6DN6,e2e+s2s
GMPCGESCVWIPCLSAIAGCSCKNKVCYNN,6DN7,e2e+s2s
GYELCGETCALSGGCNTGGCQCAWPVCIKN,6DN8,e2e+s2s
GIPCGESCVFIPCLTSAIGCSCKSKVCYKN,6HLB,e2e+s2s
GIPCGESCVFIPCLTSAIGCSCSKV,6HLD,e2e+s2s
GIPCGESCVWIPCITSAIGCSCKAPLSNIM,6HZA,e2e+s2s
GIPCGESCVFIPCTVTALLGCSCKLALIFF,6JWM,e2e+s2s
GIPCGESCVFIPCLTAAIGCSCKSKVCYRN,6JWN,e2e+s2s
GTPCGESCVYIPCISGVIGCSCTDKVCYLN,6B67,e2e+s2s
GLPVCGETCFGGTCNTPGCSCDPWPMCSRN,6DN5,e2e+s2s
GVPICGETCVGGTCNTPGCSCSWPVCTRN,6DN6,e2e+s2s
GLPICGETCVGGSCNTPGCSCSWPVCTRN,6DN7,e2e+s2s
GVPICGETCTLGTCYTAGCSCSWPVCTRN,6DN8,e2e+s2s
GVPVCGETCFGGTCNTPGCSCDPWPVCSRN,6HLB,e2e+s2s
GLPVCGETCFGGTCNTPGCSCETWPVCSRN,6HLD,e2e+s2s
GVIPCGESCVFIPCISAAIGCSCKNKVCYRN,6HZA,e2e+s2s
GTACGESCYVLPCFTVGCTCTSSQCFKN,6JWM,e2e+s2s
GIPCGESCVFIPCLTTVAGCSCKNKVCYRN,6JWN,e2e+s2s
GFPCGESCVFIPCISAAIGCSCKNKVCYRN,6M5E,e2e+s2s
GLPVCGETCVGGTCNTPGCSCSRPVCTXN,6NDY,e2e+s2s
SISCGESCAMISFCFTEVIGCSCKNKVCYLN,6NNV,e2e+s2s
GIPCGESCHYIPCVTSAIGCSCRNRSCMRN,6OO2,e2e+s2s
GIPCGDSCHYIPCVTSTIGCSCTNGSCMRN,6RK9,e2e+s2s
GLPVCGETCFTGTCYTNGCTCDPWPVCTRN,6U4A,e2e+s2s
GLPVCGETCFGGTCNTPGCICDPWPVCTRN,6U61,e2e+s2s
SAIACGESCVYIPCFIPGCSCRNRVCYLN,6U6K,e2e+s2s
SISCGESCVYIPCTVTALVGCTCKDKVCYLN,6U6L,e2e+s2s
GSPIQCAETCFIGKCYTEELGCTCTAFLCMKN,6U71,e2e+s2s
GSPRQCAETCFIGKCYTEELGCTCTAFLCMKN,6U72,e2e+s2s
GSVPCGESCVYIPCFTGIAGCSCKSKVCYYN,6U74,e2e+s2s
GEIPCGESCVYLPCFLPNCYCRNHVCYLN,6U8G,e2e+s2s
SISCGETCTTFNCWIPNCKCNHHDKVCYWN,6U8H,e2e+s2s
GIPCGESCVFIPCISGVIGCSCKSKVCYRN,6U8I,e2e+s2s
GIACGESCAYFGCWIPGCSCRNKVCYFN,6U8M,e2e+s2s
GTPCGESCVYIPCFTAVVGCTCKDKVCYLN,6ULP,e2e+s2s
GTPCAESCVYLPCFTGVIGCTCKDKVCYLN,6ULQ,e2e+s2s
GNIPCGESCIFFPCFNPGCSCKDNLCYYN,6ULT,e2e+s2s
GGTIFDCGESCFLGTCYTKGCSCGEWKLCYGEN,6ULV,e2e+s2s
GSVLNCGETCLLGTCYTTGCTCNKYRVCTKD,6UXS,e2e+s2s
GIPCAESCVWIPCTVTALLGCSCSNNVCYN,6WGN,e2e+s2s
GIPCGESCVWIPCISAAIGCSCKSKVCYRN,6XIB,e2e+s2s
SAISCGETCFKFKCYTPRCSCSYPVCK,6XIC,e2e+s2s
GSIPACGESCFKGKCYTPGCSCSKYPLCAKN,6XID,e2e+s2s
GLVPCGETCFTGKCYTPGCSCSYPICKKN,6XIE,e2e+s2s
GLPCGETCFTGKCYTPGCSCSYPICKKIN,6XIF,s2s
GIPCGESCVWIPCISAAIGCSCKNKVCYRN,6XS5,s2s
GIPCGESCVYIPCTVTALAGCKCKSKVCYN,6XS7,s2s
GTLPCGESCVWIPCISSVVGCSCKSKVCYKD,6XS8,s2s
GIPCGESCVWIPCLTSAIGCSCKSKVCYRD,6XS9,s2s
GLPVCGETCVTGSCYTPGCTCSWPVCTRN,6XSA,s2s
GLPICGETCVGGTCNTPGCTCSWPVCTRN,6Y8K,s2s
GLPTCGETCFGGTCNTPGCTCDSSWPICTHN,6YW1,s2s
GLPTCGETCFGGTCNTPGCTCDPWPVCTHN,6YW2,s2s
DIFCGETCAFIPCITHVPGTCSCKSKVCYFN,6YW3,s2s
GSVFNCGETCVLGTCYTPGCTCNTYRVCTKD,6YW4,s2s
GSVFNCGETCVLGTCYTPGCTCNTYRVCTKD,7AR4,s2s
GLPTCGETCFGGTCNTPGCSCSSWPICTRD,7BPH,s2s
GLPTCGETCFGGTCNTPGCSCSSWPICTRD,7E5E,s2s
GLPVCGETCFGGTCNTPGCSCTDPICTRD,7EZW,s2s
GSLCGDTCFVLGCNDSSCSCNYPICVKD,7JRH,s2s
GLPVCGETCFGGTCNTPGCACDPWPVCTRD,7K2E,s2s
GLPVCGESCFGGTCNTPGCACDPWPVCTRD,7K2F,s2s
GLPVCGESCFGGSCYTPGCSCTWPICTRD,7K2G,s2s
GIPCAESCVYIPCTITALLGCKCQDKVCYD,7K2H,s2s
GIPCAESCVYIPCTITALLGCKCKDQVCYN,7K2I,s2s
GVPCAESCVYIPCISTVLGCSCSNQVCYRN,7K2J,s2s
GFIPCGETCIWDKTCHAAGCSCSVANICVRN,7K2K,s2s
GADGFCGESCVYIPCISYLVGCSCDTIEKVCKRN,7K2L,s2s
GGTIFDCGETCFLGTCYTPGCSCGNYGFCYGTN,7K2M,s2s
GGTIFDCGESCFLGTCYTAGCSCGNWGLCYGTN,7K2N,s2s
GGTIFDCGETCFLGTCYTAGCSCGNWGLCYGTN,7K2O,s2s
GVPCGESCVFIPCITGVIGCSCSSNVCYLN,7K2P,s2s
GIPCAESCVWIPCTVTALVGCSCSDKVCYN,7K2Q,s2s
GLPVCGETCFGGTCNTPGCSCSYPICTRN,7K2R,s2s
GLPVCGETCFGGTCNTPGCTCSYPICTRN,7K2S,s2s
GLPVCGETCAFGSCYTPGCSCSWPVCTRN,7KEV,s2s
GLPVCGETCFGGRCNTPGCTCSYPICTRN,7KFA,s2s
GIPCAESCVWIPCTVTALIGCGCSNKVCYN,7L4Z,s2s
GTIPCGESCVFIPCLTSALGCSCKSKVCYKN,7LIB,s2s
GTFPCGESCVFIPCLTSAIGCSCKSKVCYKN,7MSO,s2s
GLLPCAESCVYIPCLTTVIGCSCKSKVCYKN,7RNW,s2s
GIPCGESCVWIPCLTSTVGCSCKSKVCYRN,7ROV,s2s
GTFPCGESCVWIPCISKVIGCACKSKVCYKN,7S5H,s2s
GIPCGESCVWIPCLTSAVGCPCKSKVCYRN,7UBC,s2s
GIPCGESCVYLPCFTAPLGCSCSSKVCYRN,7UBD,s2s
GIPCGESCVWIPCLTATIGCSCKSKVCYRN,7UBE,s2s
GIPCAESCVYLPCVTIVIGCSCKDKVCYN,7UBF,s2s
GIPCAESCVWIPCTVTALLGCSCKDKVCYN,7UBG,s2s
GRLCGERCVIERTRAWCRTVGCICSLHTLECVRN,7UBH,s2s
GLPVCGETCVGGTCNTPGCGCSWPVCTRN,7UBI,s2s
GLPVCGETCVGGTCNTPGCACSWPVCTRN,7UZL,s2s
GSIPCGESCVYIPCISSLLGCSCKSKVCYKN,7YUZ,s2s
GIPCAESCVYIPCLTSAIGCSCKSKVCYRN,7YV1,s2s
GIPCGESCVYLPCFTTIIGCKCQGKVCYH,7Z4S,s2s
GSIPCGESCVFIPCISSVVGCSCKNKVCYKN,8CTO,s2s
GTIPCGESCVFIPCLTSAIGCSCKSKVCYKN,8CUN,s2s
GSIPCGESCVYIPCISSLLGCSCESKVCYKN,8CWA,s2s
GSIPCGESCVFIPCISSIVGCSCKSKVCYKN,8DNQ,s2s
GIPCGESCVFIPCLTSAIGCSCKSKVCYRN,8EHV,s2s
GVPCGESCVWIPCLTSIVGCSCKNNVCTLNS,8F1F,s2s
GVIPCGESCVFIPCISSVLGCSCKNKVCYRN,8F4B,s2s
GHPTCGETCLLGTCYTPGCTCKRPVCYKN,8JJS,s2s
GSAILCGESCTLGECYTPGCTCSWPICTKN,8PKU,s2s
GHPICGETCVGNKCYTPGCTCTWPVCYRN,8PKV,s2s
GSIPCGEGCVFIPCISSIVGCSCKSKVCYKN,8PKW,s2s
GIPCGEGCVYLPCFTAPLGCSCSSKVCYRN,8PKX,s2s
GIPCGESCVWIPCLTAAIGCSCSSKVCYRN,8Q1N,s2s
GVPCGESCVWIPCLTSAIGCSCKSSVCYRN,8R8U,s2s
GIPCGESCVLIPCISSVIGCSCKSKVCYRN,8R8V,s2s
GVIPCGESCVFIPCISSVIGCSCKSKVCYRN,8VX7,s2s
GAGCIETCYTFPCISEMINCSCKNSRCQKN,8WW0,s2s
GIPCGESCVWIPCISSAIGCSCKNKVCYRK,8WW1,s2s
GIPCGESCVWIPCISGAIGCSCKSKVCYRN,9BT3,s2s
TIPCAESCVWIPCTVTALLGCSCKDKVCYN,9BT6,s2s
GLPICGETCTLGTCYTVGCTCSWPICTRN,9BT7,s2s
GVIPCGESCVFIPCISTVIGCSCKNKVCYRN,1BZH,s2s
GVPCAESCVWIPCTVTALLGCSCKDKVCYLN,1D7T,s2s
GIPCGESCHIPCVTSAIGCSCRNRSCMRN,1DFY,s2s
GSQSCGESCVLIPCISGVIGCSCSSMICYFN,1DFZ,s2s
GIPCGESCVFIPCLTAAIGCSCRSKVCYRN,1DG0,s2s
GLPVCGETCVGGTCNTPGCSCSIPVCTRN,1FOZ,s2s
GLPVCGETCVGGTCNTPGCSCSWPVCFRD,1IM7,s2s
GAPVCGETCFGGTCNTPGCTCDPWPVCTND,1QFB,s2s
GLPVCGETCVGGTCNTPYCTCSWPVCTRD,1SLE,s2s
GLPVCGETCVGGTCNTEYCTCSWPVCTRD,2CK0,s2s
GLPVCGETCVGGTCNTPYCFCSWPVCTRD,2F58,s2s
GIPCGESCVWIPCISGAIGCSCKSKVCYKN,2KDQ,s2s
GIPCGESCVWIPCISSAIGCSCKNKVCFKN,3F58,s2s
GSIPACGESCFRGKCYTPGCSCSKYPLCAKD,3OE0,s2s
GSIPACGESCFKGWCYTPGCSCSKYPLCAKD,3WMG,s2s
GSFPCGESCVFIPCISAIAGCSCKNKVCYKN,4IB5,s2s
GIPCGESCVFIPCITAAIGCSCKTKVCYRN,4M1D,s2s
GVIPCGESCVFIPCISAVLGCSCKSKVCYRN,4N7Y,s2s
GIPCGETCVFMPCISGPMGCSCKHMVCYRN,4N84,s2s
GSAFGCGETCVKGKCNTPGCVCSWPVCKKN,4Q2K,s2s
APCGESCVYIPCLLTAPIGCSCSNIVCYRN,4ZJX,s2s
GVPCGESCVWVPCTVTALMGCSCVREVCRKD,5J0M,s2s
GIPCAESCVWIPCTVTKMLGCSCKDKVCYN,5J1O,s2s
GGSIPCIETCVWTGCFLVPGCSCKSDKKCYLN,5J31,s2s
GGSVPCIETCVWTGCFLVPGCSCKSDKKCYLN,5JM4,s2s
GDIPLCGETCFEGGNCRIPGCTCVWPFCSKN,5LSO,s2s
GLPTCGETCFGGTCNTPGCTCDPFPVCTHD,5N99,s2s
GIPVCGETCVGGTCNTPGCSCSWPVCTRN,5VAV,s2s
GIACGESCVFLGCFIPGCSCKSKVCYFN,5VFW,s2s
GIPCGETCVAFGCWIPGCSCKDKLCYYD,5W5S,s2s
KLCGETCFKFKCYTPGCSCSYPFCK,5W5U,s2s
GIPCGESCVFIPCTVTALLGCSCQNKVCYRD,5W6I,s2s
GVIPCGESCVFIPCISSVLGCSCKNKVCYRD,5W6R,s2s
GVIPCGESCVFIPCITAAVGCSCKNKVCYRD,5W6T,s2s
GLPVCGETCAGGTCNTPGCSCSWPICTRN,5W6U,s2s
GLPVCGETCAGGTCNTPGCSCTWPICTRN,5XN3,s2s
GLPVCGETCAGGRCNTPGCSCSWPVCTRN,6B67,s2s
GLPVCGETCFGGTCNTPGCTCDPWPVCTRN,6DN5,s2s
GLPVCGETCFGGTCNTPGCSCDPWPVCTRN,6DN6,s2s
GFPCGESCVYVPCLTAAIGCSCSNKVCYKN,6DN7,s2s
GLPICGETCFGGTCNTPGCICDPWPVCTRD,6DN8,s2s
GSHCGETCFFFGCYKPGCSCDELRQCYKN,6HLB,s2s
GVPCGESCVFIPCLTAVVGCSCSNKVCYLN,6HLD,s2s
GLPVCGETCFGGTCNTPGCACDPWPVCTRN,6HZA,s2s
GVPCAESCVWIPCTVTALLGCSCKDKVCYLD,6JWM,s2s
GIPCAESCVWIPCTVTALLGCSCKDKVCYLN,6JWN,s2s
GIPCAESCVWIPCTVTALLGCSCKDKVCYLD,6M5E,s2s
GIPCGESCVFIPCISSVVGCSCKSKVCYLD,6NDY,s2s
GLPCGESCVFIPCITTVVGCSCKNKVCYNN,6NNV,s2s
GLPCGESCVFIPCITTVVGCSCKNKVCYND,6OO2,s2s
GTVPCGESCVFIPCITGIAGCSCKNKVCYIN,6RK9,s2s
GTVPCGESCVFIPCITGIAGCSCKNKVCYID,6U4A,s2s
HEPCGESCVFIPCITTVVGCSCKNKVCYN,6U61,s2s
HEPCGESCVFIPCITTVVGCSCKNKVCYD,6U6K,s2s
GLPTCGETCTLGTCYVPDCSCSWPICMKN,6U6L,s2s
GSAFCGETCVLGTCYTPDCSCTALVCLKN,6U71,s2s
GIPCGESCVFIPCITGIAGCSCKSKVCYRN,6U72,s2s
GIPCGESCVFIPCITAAIGCSCKSKVCYRN,6U74,s2s
GIPCGESCVFIPCISTVIGCSCKNKVCYRN,6U8G,s2s
GIPCGESCVFIPCTVTALLGCSCKDKVCYKN,6U8H,s2s
GYPICGESCVGGTCNTPGCSCSWPVCTTN,6U8I,s2s
GLPICGETCVGGTCNTPGCFCTWPVCTRN,6U8M,s2s
GLPVCGETCFTGSCYTPGCSCNWPVCNRN,6ULP,s2s
GLPVCGETCVGGTCNTPGCSCSWPVCFRN,6ULQ,s2s
GTLPCGESCVWIPCISSVVGCACKSKVCYKD,6ULT,s2s
GTRCGETCFVLPCWSAKFGCYCQKGFCYRN,6ULV,s2s
GGSVPCGESCVFIPCITSLAGCSCKNKVCYYD,6UXS,s2s
IQCGESCVWIPCISSAWGCSCKNKICSS,6WGN,s2s
GSIPCGESCVFIPCISSVIGCACKSKVCYKN,6XIB,s2s
GLPVCGETCTIGTCYTAGCTCSWPICTRN,6XIC,s2s
GVPCGESCVYIPCITSVIGCSCSSKVCYIN,6XID,s2s
GIPCGESCVFIPCISSVIGCSCSSKVCYRN,6XIE,s2s
GSIPCGESCVFIPCISAVIGCSCSNKVCYKN,6XIF,s2s
GSIPCGESCVFIPCISAIIGCSCSSKVCYKN,6XS5,s2s
GSIPCGESCVFIPCISAIIGCSCSNKVCYKN,6XS7,s2s
GIPCAESCVWIPCTVTAIVGCSCSWGVCYN,6XS8,s2s
GIPCGESCVFIPCISSVVGCSCKSKVCYNN,6XS9,s2s
GIPCGESCVFIPCLTTVVGCSCKNKVCYNN,6XSA,s2s
GEFLKCGESCVQGECYTPGCSCDWPICKKN,6Y8K,s2s
GIPCGESCVFIPCITGAIGCSCKSKVCYRD,6YW1,s2s
QLPICGETCVLGTCYTPGCRCQYPICVR,6YW2,s2s
QLPICGETCVLGRCYTPNCRCQYPICVR,6YW3,s2s
QAFCGETCLLGTCYTPGCRCTAGICLK,6YW4,s2s
QLPICGETCVLGTCYTPGCSCAYPICVR,7AR4,s2s
QAFCGETCLLGKCYTPGCSCHTGICLK,7BPH,s2s
QLPICGETCVLGTCYTPGCSCAYPICAR,7E5E,s2s
QAFCGETCVLGTCYTPGCSCNFGICLK,7EZW,s2s
QDCGETCVLGTCYTPGCSCSAYPLCV,7JRH,s2s
GLPLCGETCAGGTCNTPGCSCSWPVCVRN,7K2E,s2s
GSSPLCGETCAGGTCNTPGCSCSWPVCVRD,7K2F,s2s
GLPLCGETCVGGTCNTPGCSCSWPVCTRN,7K2G,s2s
GLPLCGETCVGGTCNTPACSCSWPVCTRN,7K2H,s2s
GLPLCGETCVGGTCNTPGCSCGWPVCVRN,7K2I,s2s
GIPCGESCVWIPCISSAIGCSCKGSKVCYRN,7K2J,s2s
GTLPCGESCVWIPCISSVVGCSCKNKVCYKN,7K2K,s2s
GIPCGESCVWIPCITSAVGCSCKSKVCYRN,7K2L,s2s
GIPCGESCVWIPCISSALGCSCKSKVCYRN,7K2M,s2s
GTIPCGESCVWIPCISSVVGCSCKSKVCYKD,7K2N,s2s
GVIPCGESCVFIPCISTVIGCSCKDKVCYRN,7K2O,s2s
GIPCGESCVFIRCTITALLGCSCSNNVCYKN,7K2P,s2s
LICSSTCLRIPCLSPRCTCRHHICYLN,7K2Q,s2s
GAICTGTCFRNPCLSRRCTCRHYICYLN,7K2R,s2s
GLPVCGETCVGGTCNTPGCTCSWPICTRN,7K2S,s2s
GLPICGETCTLGTCNTPGCTCSWPICTKN,7KEV,s2s
GLPICGETCFTGTCNTPGCTCSYPVCTRN,7KFA,s2s
GSVICGETCFTTVCNTPGCYCGAYXCTRN,7L4Z,s2s
GIPCGESCVFIPCTVTALLGCSCKNKVCYRN,7LIB,s2s
GVIPCGESCVFIPCITAAIGCSCKKKVCYRN,7MSO,s2s
GIPCGESCVFIPCISALLGCSCSNKVCYNN,7RNW,s2s
GVPCAESCVYIPCTITALFGCSCKDKVCYNN,7ROV,s2s
GIPCAESCVYIPCTITALLGCSCKDKVCYKN,7S5H,s2s
GFPCAESCVYIPCTVTALLGCSCRNRVCYRN,7UBC,s2s
IPCGESCVYIPCISAVLGCSCQNKVCYR,7UBD,s2s
GIPCAESCVYIPCTITALFGCSCKDKVCYNN,7UBE,s2s
AIPCGESCVWIPCISTVIGCSCSNKVCYR,7UBF,s2s
IPCGESCVWIPCITAIAGCSCKNKVCYT,7UBG,s2s
GASCGETCFTGICFTAGCSCNPWPTCTRN,7UBH,s2s
GIPCAESCVWIPCTITALMGCSCKNNVCYNN,7UBI,s2s
GDACGETCFTGICFTAGCSCNPWPTCTRN,7UZL,s2s
GIPCGESCVWIPCISSALGCSCKNKVCYRN,7YUZ,s2s
GVIPCGESCVFIPCISSVVGCSCKNKVCYRN,7YV1,s2s
GVIPCGESCVFIPCISSVIGCSCKNKVCYRN,7Z4S,s2s
GIPCGESCVFIPCVTTVIGCSCKDKVCYNN,8CTO,s2s
GEYCGESCYLIPCFTPGCYCVSRQCVNKN,8CUN,s2s
IPCGESCVWIPCISGMFGCSCKDKVCYS,8CWA,s2s
EYCGESCYLIPCFTPGCYCVSRQCVNKN,8DNQ,s2s
GIGCGESCVWIPCVSAAIGCSCSNKICYRN,8EHV,s2s
GIPCGESCMWIPCISAAIGCSCTNHVCYKN,8F1F,s2s
GIPCGESCVWIPCISGVQGCSCSNKICYRN,8F4B,s2s
GIPCGGSCVWIPCISGVQGCSCSNKICYRN,8JJS,s2s
GIPCGESCAWIPCISAVQGCSCRNKICYRN,8PKU,s2s
GLPCGESCIWIECISGAIGCSCRNKVCYRN,8PKV,s2s
GIPCGESCIWIPCTTTALLGCSCSNKVCYKN,8PKW,s2s
SYTCGESCLWIPCTVTAAFGCYCSNKVCVKD,8PKX,s2s
STDCGEPCVYIPCTITALLGCSCLNKVCVRP,8Q1N,s2s
QSISCAETCVWIPCATSLIGCSCVNSICTYTN,8R8U,s2s
GVPCGESCVWMYCISAAMGCSCRNKVCYRN,8R8V,s2s
GIPCGESCVWMYCITATMGCSCRNKVCYKN,8VX7,s2s
GLPVCGETCVGGTCNTPGCSCSWPVCIRN,8WW0,s2s
GLIPCGESCVWIPCISSVIGCSCKSKVCYKN,8WW1,s2s
GSIPCGESCVWIPCISGIAGCSCSNKVCYLN,9BT3,s2s
GSWPCGESCVYIPCITSIAGCECSKNVCYKN,9BT6,s2s
GTPCGESCIYVPCISAVFGCWCQSKVCYKD,9BT7,s2s
PTPCGETCIWISCVTAAIGCYCHESICYR,1BZH,s2s
GTIFDCGETCLLGKCYTPGCSCGSWALCYGQN,1D7T,s2s
GSSCGETCEVFSCFITRCACIDGLCYRN,1DFY,s2s
GSDDQVACGESCAMTPCFMHVVGCVCSQKVCYR,1DFZ,s2s
GVPICGETCFQGTCNTPGCTCKWPICERN,1DG0,s2s
GDLVPCGESCVYIPCLTTVLGCSCSENVCYRN,1FOZ,s2s
GGPLDCQETCTLSDRCYTKGCTCNWPICYKN,1IM7,s2s
GAPVCGETCFTGLCYSSGCSCIYPVCNRN,1QFB,s2s
GVAVCGETCTLGTCYTPGCSCDWPICKRN,1SLE,s2s
GLPTCGETCTLGTCYTPGCTCSWPLCTKN,2CK0,s2s
GEPVCGDSCVFFGCDDEGCTCGPWSLCYRN,2F58,s2s
GAFTPCGETCLTGECHTEGCSCVGQTFCVKK,2KDQ,s2s
GVPSSDCLETCFGGKCNAHRCTCSQWPLCAKN,3F58,s2s
GFACGETCIFTSCFITGCTCNSSLCFRN,3OE0,s2s
GGTIFSCGESCFQGTCYTKGCACGDWKLCYGEN,3WMG,s2s
GDTCYETCFTGFCFIGGCKCDFPVCVKN,4IB5,s2s
GAPICGESCFTGTCYTVQCSCSWPVCTRN,4M1D,s2s
GGTIFNCGESCFQGTCYTKGCACGDWKLCYGEN,4N7Y,s2s
GDIPCGESCVYIPCITGVLGCSCSHNVCYYN,4N84,s2s
GSVFNCGETCVFGTCFTSGCSCVYRVCSKD,4Q2K,s2s
GPPVCGETCVGGTCNTPGCSCSWPVCTRN,4ZJX,s2s
GLPVCGEACVGGTCNTPGCSCSWPVCTRN,5J0M,s2s
DTTPCGESCVWIPCVSSIVGCSCQNKVCYQN,5J1O,s2s
DTIPCGESCVWIPCISSILGCSCKDKVCYHN,5J31,s2s
GLPICGETCFKTKCYTKGCSCSYPVCKRN,5JM4,s2s
GSVIGCGETCLRGRCYTPGCTCDHGICKKN,5LSO,s2s
GTVPCGESCVFIPCITGIAGCSCKNKVCYLN,5N99,s2s
GLPICGETCFTGTCYTPGCTCSYPVCKKN,5VAV,s2s
GSVIKCGESCLLGKCYTPGCTCSRPICKKN,5VFW,s2s
GSAIRCGESCLLGKCYTPGCTCDRPICKKN,5W5S,s2s
DLQCAETCVHSPCIGPCYCKHGLICYRN,5W5U,s2s
GIPCGESCVFIPCITGAIGCSCKSKVCYRN,5W6I,s2s
SIPCGESCVYIPCLTTIVGCSCKNSVCYSN,5W6R,s2s
GIPCGESCVYIPCTVTALLGCSCKDKVCYKN,5W6T,s2s
GIPCGESCVFIPCTITALLGCSCKDKVCYKN,5W6U,s2s
GGSIPCGESCVFLPCFLPGCSCKSSVCYLN,5XN3,s2s
GDLFKCGETCFGGTCYTPGCSCDYPICKNN,6B67,s2s
GFNSCSEACVYLPCFSKGCSCFKRQCYKN,6DN5,s2s